<?xml version="1.0" encoding="UTF-8"?>
<!DOCTYPE hibernate-configuration PUBLIC "-//Hibernate/Hibernate Configuration DTD//EN" "http://www.hibernate.org/dtd/hibernate-configuration-3.0.dtd">
<hibernate-configuration>
 <session-factory>
  <!-- Database connection settings -->
  <property name="connection.driver_class">org.postgresql.Driver</property>
  <property name="connection.url">jdbc:postgresql://172.16.104.18:5432/acroweb</property>
  <property name="connection.username">postgres</property>
  <property name="connection.password">---</property>
  <!-- property name="transaction.factory_class">org.hibernate.transaction.JDBCTransactionFactory</property> -->
  <property name="databasename">POSTGRESQL</property>
  <property name="connection.schemaname">settings</property>
  <!-- JDBC connection pool (use the built-in) -->
  <property name="connection.pool_size">1</property>
  <!-- SQL dialect -->
  <property name="dialect">org.hibernate.dialect.PostgreSQLDialect</property>
  
  <property name="hibernate.dialect">org.hibernate.spatial.dialect.postgis.PostgisDialect</property>
  
  <!-- Disable the second-level cache -->
  <property name="cache.provider_class">org.hibernate.cache.internal.NoCacheProvider</property>
  <!-- Echo all executed SQL to stdout -->
  <property name="show_sql">false</property>
  <property name="hibernate.query.substitutions">true 1, false 0</property>
  <mapping class="it.acrotec.lib.settings.entities.ApplicationEntity"/>
  <mapping class="it.acrotec.lib.settings.entities.ApplicationUserResourceEntity"/>
  <mapping class="it.acrotec.lib.settings.entities.CircleEntity"/>
  <mapping class="it.acrotec.lib.settings.entities.ApplicationWithConfigurationsEntity"/>
  <mapping class="it.acrotec.lib.settings.entities.ApplicationWithConfigurationEntity"/>
  <mapping class="it.acrotec.lib.settings.entities.ConfigurationEntity"/>
  <mapping class="it.acrotec.lib.settings.entities.ConfigurationResourceEntity"/>
  <mapping class="it.acrotec.lib.settings.entities.DomainEntity"/>
  <mapping class="it.acrotec.lib.settings.entities.DomainWithCircleEntity"/>
  <mapping class="it.acrotec.lib.settings.entities.SmartDomainEntity"/>
  <mapping class="it.acrotec.lib.settings.entities.HatConfigurationEntity"/>
  <mapping class="it.acrotec.lib.settings.entities.HatApplicationEntity"/>
  <mapping class="it.acrotec.lib.settings.entities.HatApplicationResourceEntity"/>  
  <mapping class="it.acrotec.lib.settings.entities.HatEntity"/>
  <mapping class="it.acrotec.lib.settings.entities.SmartHatEntity"/>
  <mapping class="it.acrotec.lib.settings.entities.OrganizationEntity"/>
  <mapping class="it.acrotec.lib.settings.entities.SmartUserEntity"/>
  <mapping class="it.acrotec.lib.settings.entities.UserEntity"/>
  <mapping class="it.acrotec.lib.settings.entities.PortEntity"/>
  <mapping class="it.acrotec.lib.settings.entities.UserCircleEntity"/>
  <mapping class="it.acrotec.lib.settings.entities.UserHatEntity"/>
  <mapping class="it.acrotec.lib.settings.entities.ApplicationUserResourceEntity"/>
  
  <mapping class="it.acrotec.lib.logbook.entities.Session"/>
  <mapping class="it.acrotec.lib.logbook.entities.Activity"/>
  <mapping class="it.acrotec.lib.logbook.entities.LogbookSession"/>
  
  
 </session-factory>
</hibernate-configuration>
